Waktu,User,Aktivitas
2025-12-12 01:06:39,Bendahara 1,Input data keuangan baru
2025-12-12 01:09:31,Bendahara 1,Input data keuangan baru
2025-12-12 03:41:49,Bendahara 1,Input barang baru
2025-12-12 12:51:09,Ketua,Edit data keuangan index 35
2025-12-12 12:53:34,Bendahara 1,Input data keuangan baru
2025-12-12 13:23:03,Bendahara 1,Input data keuangan baru
2025-12-12 13:24:41,Ketua,Edit data barang index 8
2025-12-12 13:25:03,Bendahara 1,Input data keuangan baru
2025-12-12 13:26:32,Ketua,Edit data keuangan index 38
2025-12-12 13:28:29,Ketua,Edit data keuangan index 38
2025-12-12 13:28:53,Ketua,Edit data keuangan index 38
2025-12-16 05:11:06,Bendahara 1,Input data keuangan baru
2025-12-16 05:16:05,Bendahara 1,Input data keuangan baru
2025-12-16 05:17:07,Bendahara 1,Input data keuangan baru
2025-12-16 05:18:12,Bendahara 1,Input data keuangan baru
2025-12-16 05:19:16,Bendahara 1,Input data keuangan baru
2025-12-16 05:19:59,Bendahara 1,Input data keuangan baru
2025-12-16 05:21:08,Bendahara 1,Input data keuangan baru
2025-12-16 05:23:25,Bendahara 1,Input data keuangan baru
2025-12-16 05:24:24,Bendahara 1,Input data keuangan baru
2025-12-16 06:01:52,Bendahara 1,Input data keuangan baru
2025-12-16 06:02:56,Bendahara 1,Input data keuangan baru
2025-12-16 06:04:38,Bendahara 1,Input data keuangan baru
2025-12-16 06:06:09,Bendahara 1,Input data keuangan baru
2025-12-16 06:06:38,Bendahara 1,Input data keuangan baru
2025-12-16 06:11:04,Bendahara 1,Input data keuangan baru
2025-12-16 06:16:12,Bendahara 1,Input data keuangan baru
